name,age,email,role
Ava Patel,28,ava.patel@example.com,Developer
Liam Johnson,35,liam.johnson@example.com,Manager
Sophia Kim,26,sophia.kim@example.com,Designer
Ethan Brown,42,ethan.brown@example.com,Product Owner
Isabella Davis,30,isabella.davis@example.com,Tester
Noah Wilson,33,noah.wilson@example.com,Developer
Mia Moore,27,mia.moore@example.com,Designer
Lucas Taylor,45,lucas.taylor@example.com,Manager
Charlotte Martin,29,charlotte.martin@example.com,Tester
James Lee,31,james.lee@example.com,Developer
Amelia Thomas,34,amelia.thomas@example.com,Designer
Benjamin White,36,benjamin.white@example.com,Product Owner
Harper Harris,25,harper.harris@example.com,Tester
Elijah Clark,38,elijah.clark@example.com,Manager
Evelyn Lewis,32,evelyn.lewis@example.com,Developer
Henry Walker,40,henry.walker@example.com,Product Owner
Abigail Hall,26,abigail.hall@example.com,Designer
Sebastian Young,41,sebastian.young@example.com,Developer
Emily King,30,emily.king@example.com,Tester
Jackson Wright,37,jackson.wright@example.com,Manager
Scarlett Scott,28,scarlett.scott@example.com,Developer
Daniel Green,44,daniel.green@example.com,Product Owner
Victoria Adams,31,victoria.adams@example.com,Designer
Matthew Baker,39,matthew.baker@example.com,Manager
Luna Nelson,27,luna.nelson@example.com,Tester
Joseph Carter,43,joseph.carter@example.com,Developer
Grace Mitchell,35,grace.mitchell@example.com,Designer
Samuel Perez,29,samuel.perez@example.com,Manager
Chloe Roberts,33,chloe.roberts@example.com,Tester
David Turner,46,david.turner@example.com,Product Owner
Zoe Phillips,24,zoe.phillips@example.com,Developer
Logan Campbell,40,logan.campbell@example.com,Manager
Riley Parker,28,riley.parker@example.com,Designer
Jack Evans,36,jack.evans@example.com,Tester
Lily Edwards,30,lily.edwards@example.com,Developer
Owen Collins,42,owen.collins@example.com,Manager
Aria Stewart,27,aria.stewart@example.com,Designer
Wyatt Sanchez,34,wyatt.sanchez@example.com,Developer
Ellie Morris,25,ellie.morris@example.com,Tester
Gabriel Rogers,41,gabriel.rogers@example.com,Product Owner
Penelope Reed,29,penelope.reed@example.com,Designer
Julian Cook,38,julian.cook@example.com,Manager
Layla Morgan,32,layla.morgan@example.com,Developer
Isaac Bell,45,isaac.bell@example.com,Product Owner
Nora Murphy,30,nora.murphy@example.com,Tester
Anthony Bailey,37,anthony.bailey@example.com,Developer
Hazel Rivera,33,hazel.rivera@example.com,Designer
Andrew Cooper,39,andrew.cooper@example.com,Manager
Avery Richardson,26,avery.richardson@example.com,Tester
Thomas Cox,44,thomas.cox@example.com,Product Owner
Stella Howard,28,stella.howard@example.com,Developer
Christopher Ward,35,christopher.ward@example.com,Manager
Paisley Torres,31,paisley.torres@example.com,Designer
Nathan Peterson,43,nathan.peterson@example.com,Developer
Zoey Gray,27,zoey.gray@example.com,Tester
Jonathan Ramirez,40,jonathan.ramirez@example.com,Manager
Violet James,34,violet.james@example.com,Developer
Charles Watson,46,charles.watson@example.com,Product Owner
Audrey Brooks,30,audrey.brooks@example.com,Tester
Christian Kelly,36,christian.kelly@example.com,Developer
Lucy Sanders,29,lucy.sanders@example.com,Designer
Aaron Price,41,aaron.price@example.com,Manager
Bella Bennett,25,bella.bennett@example.com,Tester
Jason Wood,42,jason.wood@example.com,Developer
Samantha Barnes,28,samantha.barnes@example.com,Designer
